scope,lane,city_pair,trip_type,loads,first_seen_from,first_seen_to,days_with_data,median_final_price_usd,p25_final_price_usd,p75_final_price_usd,median_rate_per_mile_usd,p25_rate_per_mile_usd,p75_rate_per_mile_usd,median_miles,median_first_price_usd,loads_seen_leaving,median_minutes_on_board,share_raised_at_least_once,share_cut_at_least_once,share_final_above_first
all_lanes,,,all,4066,2026-07-07,2026-10-05,47,443.04,377.63,552.75,2.74,2.273,3.239,174.7,406.16,1807,109.4,0.571,0.286,0.541
all_lanes,,,OW,2604,2026-07-07,2026-10-05,47,419.77,367.12,529.43,2.902,2.349,3.381,160.6,388.06,1125,224.3,0.588,0.311,0.56
all_lanes,,,RT,635,2026-07-07,2026-10-05,46,574.98,491.8,650.48,2.362,2.162,2.639,246.1,523.8,330,45.4,0.611,0.287,0.564
all_lanes,,,MS,26,2026-10-03,2026-10-05,3,446.33,412.67,555.92,2.932,2.658,3.333,155.3,379.52,12,,1,0.5,1
all_lanes,,,UNCLASSIFIED,801,2026-07-07,2026-10-05,47,455.06,381.48,558.55,2.71,2.272,3.116,167.5,420.46,340,27.9,0.472,0.197,0.447
lane,TN-TN,,all,1984,2026-07-07,2026-10-05,46,422.39,366.82,537.62,2.902,2.332,3.416,155.4,388.37,1149,68.8,0.623,0.259,0.586
lane,TN-TN,,OW,1070,2026-07-28,2026-10-04,43,386.33,335.56,429.37,3.225,2.683,3.619,120.7,359.8,621,160.3,0.628,0.252,0.594
lane,TN-TN,,RT,548,2026-07-07,2026-10-05,46,571.63,498.76,647.55,2.37,2.171,2.643,245.8,523.94,302,43.8,0.626,0.29,0.577
city_pair,TN-TN,Maryville TN to Chattanooga TN,all,139,2026-07-28,2026-10-05,40,397.01,364.71,431.1,3.196,2.89,3.469,119,371.8,83,45.4,0.604,0.18,0.59
city_pair,TN-TN,Maryville TN to Signal Mountain TN,all,70,2026-07-07,2026-10-04,33,421.65,383.3,545.43,3.088,2.385,3.326,130.8,392.77,32,51.8,0.443,0.2,0.429
city_pair,TN-TN,Maryville TN to Jamestown TN,all,54,2026-07-28,2026-10-03,28,521.87,416.79,559.57,2.898,2.368,3.194,166.9,452.21,35,163.2,0.741,0.241,0.704
city_pair,TN-TN,Maryville TN to Sparta TN,all,51,2026-07-07,2026-10-03,25,518.76,420.58,559.69,2.831,2.301,3.14,183,422.48,25,,0.725,0.373,0.667
city_pair,TN-TN,Maryville TN to Hixson TN,all,43,2026-08-03,2026-10-04,27,370.81,361.69,397.64,3.583,3.47,3.66,101.3,363.73,24,,0.465,0.233,0.419
city_pair,TN-TN,Maryville TN to Soddy Daisy TN,all,40,2026-07-28,2026-10-04,25,374.18,326.68,405.86,3.434,3.118,3.548,99,287.13,27,,0.625,0.15,0.625
city_pair,TN-TN,Maryville TN to Mcminnville TN,all,39,2026-07-07,2026-10-04,30,536.96,432.69,591.88,2.719,2.495,3.041,205.5,473.67,22,,0.538,0.128,0.538
city_pair,TN-TN,Louisville TN to La Vergne TN,all,36,2026-07-28,2026-10-03,18,414.62,370.96,465.41,2.279,2.039,2.559,181.9,333.57,20,,0.833,0.444,0.778
city_pair,TN-TN,Maryville TN to Pikeville TN,all,35,2026-08-03,2026-10-03,25,414.8,388.21,541.35,3.349,2.578,3.496,155.6,396.28,14,,0.571,0.343,0.457
city_pair,TN-TN,Louisville TN to Lebanon TN,all,34,2026-08-03,2026-10-05,21,397.49,347.62,455.1,2.344,2.05,2.683,169.6,286.47,15,,0.824,0.441,0.706
city_pair,TN-TN,Maryville TN to Talbott TN,all,34,2026-07-28,2026-10-04,24,396.35,366.55,464.71,3.45,2.841,3.684,111.5,371.47,21,,0.618,0.235,0.588
city_pair,TN-TN,Maryville TN to Knoxville TN,all,33,2026-08-03,2026-10-05,22,210.51,182.87,234.27,6.791,5.465,8.645,24.5,182.87,14,,0.485,0.091,0.455
city_pair,TN-TN,Maryville TN to Sharps Chapel TN,all,33,2026-07-07,2026-10-05,26,368.86,315.27,597.4,3.061,2.398,3.692,93.6,315.52,9,,0.758,0.333,0.727
city_pair,TN-TN,Maryville TN to Speedwell TN,all,33,2026-07-07,2026-10-05,24,391.69,367.7,521.58,3.43,2.691,3.835,114.2,366.69,10,,0.697,0.242,0.697
city_pair,TN-TN,Maryville TN to Coalmont TN,all,32,2026-07-07,2026-10-05,25,588.53,548.48,646.53,2.808,2.413,3.343,254,546.6,16,,0.844,0.563,0.813
city_pair,TN-TN,Maryville TN to Monroe TN,all,32,2026-07-25,2026-10-05,24,530.38,399.64,555.52,3.129,2.899,3.292,167.5,404.64,20,,0.75,0.438,0.75
city_pair,TN-TN,Maryville TN to Harrogate TN,all,31,2026-08-03,2026-09-28,23,473.33,338.6,598.61,2.952,2.474,4.047,127.1,433.52,15,,0.677,0.323,0.645
city_pair,TN-TN,Maryville TN to Deer Lodge TN,all,30,2026-07-28,2026-10-05,22,417.79,389.72,581.48,3.635,2.44,3.727,107.2,390.69,17,,0.667,0.167,0.667
city_pair,TN-TN,Maryville TN to Dunlap TN,all,30,2026-07-07,2026-10-05,22,565.84,417.94,697.48,2.438,2.183,3.285,260.4,509.6,13,,0.667,0.233,0.633
lane,TN-KY,,all,662,2026-07-07,2026-10-05,46,554.64,469.62,614.14,2.76,2.387,3.055,204.6,454.79,340,349.6,0.742,0.508,0.721
lane,TN-KY,,OW,487,2026-07-07,2026-10-04,45,552.44,470.28,603.62,2.811,2.468,3.116,201.5,454.23,242,426.6,0.747,0.54,0.731
lane,TN-KY,,RT,35,2026-07-25,2026-10-04,20,619.11,596.14,677.7,2.317,2.117,2.637,285.4,498.12,18,,0.8,0.4,0.771
city_pair,TN-KY,Maryville TN to Columbia KY,all,61,2026-07-07,2026-10-04,33,596.67,563.66,677.45,2.548,2.365,2.833,238.3,530.81,29,,0.82,0.557,0.77
city_pair,TN-KY,Maryville TN to Jackson KY,all,41,2026-07-25,2026-10-04,26,609.57,556.96,653.81,2.67,2.466,2.83,225.9,519.46,20,,0.732,0.683,0.732
city_pair,TN-KY,Maryville TN to Belfry KY,all,40,2026-07-28,2026-10-03,15,454.43,438.32,474.82,1.913,1.845,1.998,237.6,432.74,13,,0.65,0.425,0.6
city_pair,TN-KY,Maryville TN to Edmonton KY,all,39,2026-07-25,2026-10-04,32,562.76,539.78,622.81,2.679,2.328,2.794,201.5,539.78,15,,0.718,0.513,0.692
city_pair,TN-KY,Maryville TN to Jamestown KY,all,38,2026-07-07,2026-10-05,31,565.68,538.39,615.09,2.977,2.831,3.337,189.8,455.61,19,,0.789,0.658,0.763
city_pair,TN-KY,Maryville TN to Pikeville KY,all,38,2026-07-25,2026-10-04,24,580.62,552.75,685.14,2.615,2.358,2.848,218.1,496.79,14,,0.737,0.447,0.737
city_pair,TN-KY,Maryville TN to Beattyville KY,all,36,2026-07-25,2026-10-04,25,559.61,544.08,618.62,2.662,2.597,2.937,209.9,481.57,16,,0.833,0.611,0.806
city_pair,TN-KY,Maryville TN to Cumberland KY,all,36,2026-07-25,2026-10-04,27,469.71,408.48,580.64,3.212,2.811,3.441,145.3,405.57,18,,0.833,0.556,0.833
city_pair,TN-KY,Maryville TN to Crab Orchard KY,all,35,2026-07-25,2026-10-04,30,554.93,539.85,594.11,2.919,2.78,3.129,194.2,497.37,21,,0.8,0.657,0.8
city_pair,TN-KY,Maryville TN to Pineville KY,all,34,2026-07-07,2026-10-04,28,494.63,410.44,547.52,3.3,2.762,3.501,148.6,411.97,18,,0.794,0.265,0.794
city_pair,TN-KY,Maryville TN to Whitesburg KY,all,33,2026-07-25,2026-10-04,26,576.15,548.76,623.62,2.734,2.604,3.092,210.7,494.31,18,,0.818,0.697,0.818
city_pair,TN-KY,Maryville TN to Albany KY,all,31,2026-07-25,2026-09-21,20,463.78,407.26,559.67,2.911,2.548,3.113,139.2,411.05,13,,0.677,0.387,0.645
lane,TN-GA,,all,356,2026-07-07,2026-10-05,44,404.17,369.46,455.61,2.785,1.991,3.39,159.4,378.22,125,95.6,0.59,0.264,0.545
lane,TN-GA,,OW,316,2026-07-28,2026-10-05,43,399.72,368.51,441.14,2.802,1.999,3.428,145.9,373.76,114,122.2,0.598,0.275,0.547
city_pair,TN-GA,Maryville TN to Trenton GA,all,55,2026-07-28,2026-10-04,35,453.52,408.77,531.93,2.849,2.638,3.189,145.9,414.01,14,,0.636,0.164,0.636
city_pair,TN-GA,Maryville TN to Ringgold GA,all,41,2026-07-07,2026-10-04,28,374.61,367.12,394.59,3.478,3.388,3.582,107.1,371.4,13,,0.415,0.22,0.366
city_pair,TN-GA,Maryville TN to Cohutta GA,all,37,2026-07-28,2026-10-04,28,392.54,375.73,427.53,3.581,3.293,3.611,107.8,384.69,13,,0.622,0.216,0.568
city_pair,TN-GA,Maryville TN to Flintstone GA,all,35,2026-08-03,2026-10-04,26,390.01,381.2,405.32,3.49,3.285,3.517,111.1,377.68,7,,0.543,0.2,0.514
city_pair,TN-GA,Louisville TN to Union City GA,all,33,2026-08-03,2026-10-05,18,381.91,342.19,423.12,1.752,1.57,1.941,218,357.85,12,,0.879,0.697,0.697
lane,TN-VA,,all,181,2026-07-25,2026-10-04,39,537.46,475.81,581.91,2.93,2.648,3.088,188.8,446.46,78,384.1,0.779,0.475,0.768
lane,TN-VA,,OW,170,2026-07-25,2026-10-04,38,537.04,479.05,576.56,2.935,2.68,3.083,188.8,446.43,74,395.3,0.788,0.494,0.776
city_pair,TN-VA,Maryville TN to Haysi VA,all,32,2026-07-25,2026-10-04,23,592.54,548.33,626.87,2.826,2.612,2.992,209.9,466.88,14,,0.906,0.656,0.906
city_pair,TN-VA,Maryville TN to Honaker VA,all,31,2026-07-25,2026-10-04,24,549.02,533.94,635.56,2.955,2.915,3.039,183.2,478,17,,0.774,0.677,0.774
lane,TN-AL,,all,136,2026-07-25,2026-10-05,33,462.18,379.22,534.6,2.748,2.245,3.272,161.4,410.95,40,54.3,0.485,0.279,0.456
lane,TN-AL,,OW,108,2026-07-25,2026-10-04,31,465.24,394.17,533.5,3.011,2.357,3.286,160.6,411.38,28,,0.519,0.296,0.509
lane,TN-NC,,all,74,2026-07-07,2026-10-05,28,407.35,357.3,443.89,1.985,1.809,2.503,230.5,383.09,4,,0.662,0.459,0.581
lane,TN-NC,,OW,70,2026-07-28,2026-10-05,27,407.35,359.54,443.89,1.984,1.805,2.503,230.5,383.09,4,,0.671,0.471,0.586
city_pair,TN-NC,Louisville TN to Charlotte NC,all,47,2026-07-28,2026-10-05,24,425.64,406.92,486.25,1.846,1.765,2.109,230.6,404.6,2,,0.723,0.426,0.638
short_window_lane,GA-AL,,all,156,2026-08-03,2026-09-20,5,531.91,463.13,570.22,2.5,2.264,2.648,213.2,523.68,0,,0.218,0.032,0.212
short_window_lane,KY-WV,,all,86,2026-08-27,2026-09-02,5,482.93,429.54,548.39,2.346,2.162,2.548,217.8,470.63,6,,0.233,0.198,0.233
short_window_lane,KY-KY,,all,74,2026-08-27,2026-09-02,5,414.77,370.58,439.24,2.324,2.126,2.7,184.8,413.8,30,0,0.203,0.216,0.176
short_window_lane,GA-GA,,all,72,2026-08-03,2026-10-03,8,407.14,303.19,456.9,2.651,2.305,3.054,152.4,401.99,0,,0.236,0.069,0.222
short_window_lane,KY-OH,,all,64,2026-08-27,2026-09-02,5,386.65,295.12,409.91,2.751,2.503,3.13,138.8,381.93,29,,0.203,0.109,0.203
short_window_lane,FL-FL,,all,41,2026-09-25,2026-09-26,2,218.28,203.35,228.36,2.291,1.819,2.477,91.4,217.06,0,,0.146,0,0.146
short_window_lane,KY-IN,,all,33,2026-08-27,2026-09-02,5,233.6,198.62,370.26,1.991,1.785,2.95,116,233.6,3,,0.061,0.121,0.061
